bandwidth,cases,e2e_win_share,e2e_median_ratio,effective_ttft_median_ratio,tbt_median_ratio
50,36,0.694444,0.930713,1.44066,0.915173
25,36,0.638889,0.953521,1.51489,0.923191
12.5,36,0.666667,0.953083,1.64571,0.908455
3.125,36,0.5,1.00123,2.12407,0.96869
