bandwidth,baseline_e2e_p99,baseline_effective_ttft_p99,baseline_tbt_p99,output,pd_e2e_p99,pd_effective_ttft_p99,pd_over_baseline_e2e_p99,pd_over_baseline_effective_ttft_p99,pd_over_baseline_tbt_p99,pd_tbt_p99,prompt,rate,split,status
25,1.16493,0.143893,0.0656921,16,0.822351,0.181978,0.705924,1.26467,0.661265,0.0434399,128,100,6:2,ok
25,11.88,1.82657,0.183641,64,9.47249,2.47327,0.797346,1.35405,0.734631,0.134909,512,100,6:2,ok
25,20.5551,11.9529,0.318289,64,20.6401,12.4011,1.00414,1.0375,0.990873,0.315383,1024,100,6:2,ok
25,80.5421,69.3343,0.17344,256,122.247,111.385,1.5178,1.60649,0.538123,0.0933319,2048,100,4:4,ok
