seed,workload,prompt,output,rate,bandwidth,effective_ttft_ratio,tbt_ratio,e2e_ratio
101,p128_o64_r100_bw25,128,64,100,25,1.39205,0.62851,0.650246
101,p2048_o256_r100_bw25,2048,256,100,25,1.94119,0.465683,1.81984
102,p128_o64_r100_bw25,128,64,100,25,1.32904,0.652967,0.668805
102,p2048_o256_r100_bw25,2048,256,100,25,1.46774,1.54297,1.41227
103,p128_o64_r100_bw25,128,64,100,25,1.30892,0.655673,0.673211
103,p2048_o256_r100_bw25,2048,256,100,25,2.10231,0.898358,1.95567
