split,cases,e2e_win_share,e2e_median,tbt_median,handoff_median,mode
2:6,27,0.666667,0.936877,0.929396,3.05416,no_overlap
4:4,27,0.925926,0.851821,0.843044,1.63291,no_overlap
6:2,27,1,0.82818,0.825302,1.27452,no_overlap
2:6,27,0.666667,0.933168,0.926775,2.97763,overlap
4:4,27,0.962963,0.837526,0.829446,1.41602,overlap
6:2,27,1,0.823869,0.823607,1.1611,overlap
