split,cases,e2e_win_share,e2e_median,tbt_median,handoff_median
2:6,27,0.666667,0.933168,0.926775,2.97763
4:4,27,0.962963,0.837526,0.829446,1.41602
6:2,27,1,0.823869,0.823607,1.1611
