rate,split,cases,e2e_win_share,e2e_median,tbt_median,handoff_median
20,2:6,9,1,0.933168,0.926775,1.53223
20,4:4,9,1,0.924378,0.927167,1.28406
20,6:2,9,1,0.919332,0.929348,0.954775
50,2:6,9,0.666667,0.879219,0.855879,4.27268
50,4:4,9,1,0.814748,0.800404,1.47068
50,6:2,9,1,0.811991,0.80235,1.26954
100,2:6,9,0.333333,1.04584,1.01776,3.48684
100,4:4,9,0.888889,0.747634,0.726234,2.3772
100,6:2,9,1,0.693661,0.658996,1.19218
