rate,split,cases,e2e_win_share,e2e_median,tbt_median,handoff_median
20,2:6,9,1,0.936877,0.929396,1.79747
20,4:4,9,1,0.928766,0.929972,1.38327
20,6:2,9,1,0.924515,0.932272,1.14814
50,2:6,9,0.666667,0.880964,0.857636,4.38323
50,4:4,9,1,0.823456,0.806832,1.65883
50,6:2,9,1,0.815552,0.808981,1.43987
100,2:6,9,0.333333,1.04588,1.01991,3.7088
100,4:4,9,0.777778,0.749102,0.727711,2.47324
100,6:2,9,1,0.697168,0.661648,1.28816
