split,cases,e2e_win_share,e2e_median,tbt_median,handoff_median
2:6,27,0.666667,0.936877,0.929396,3.05416
4:4,27,0.925926,0.851821,0.843044,1.63291
6:2,27,1,0.82818,0.825302,1.27452
